{
  "ticker": "^TNX",
  "timestamp": "2026-02-26T12:00:00Z",
  "metaAxes": {
    "distress": 0.5403317909457828,
    "vitality": 0.08254748008958757,
    "aggression": -0.5742746308158089
  },
  "activations": {
    "alarm": 0.47520478338215466,
    "fatigue": 0.052691810082207385,
    "aggression": -0.516847167734228,
    "dominance": -0.09834543014524427,
    "maturity": 0.9910074536781177,
    "sharpness": 0.08210710022770795
  },
  "rawSignals": {
    "dev": -0.024919111639309398,
    "vel": -0.7755917763661148,
    "vol": 1.0409146586050988,
    "mom": -0.06396315389015031,
    "dd": -0.031220841860689068,
    "mr_z": -0.023939629856594407
  },
  "texture": {
    "flush": -0.2845996571597442,
    "fatigue": -0.17101959384534135,
    "skinAge": 0.9910074536781177
  }
}