{
  "ticker": "HO=F",
  "timestamp": "2026-02-26T12:00:00Z",
  "metaAxes": {
    "distress": 0.578934711088317,
    "vitality": 0.7040022043636636,
    "aggression": 0.33962582455028545
  },
  "activations": {
    "alarm": 0.40617117413422604,
    "fatigue": 0.6305856234003548,
    "aggression": 0.3056632420952569,
    "dominance": 0.2087256057827898,
    "maturity": -0.781806357608774,
    "sharpness": 0.3776108258185548
  },
  "rawSignals": {
    "dev": -0.0077605357667724206,
    "vel": 0.08402597058282772,
    "vol": 1.0409146586050988,
    "mom": -0.04321815686828103,
    "dd": -0.0276003986075722,
    "mr_z": -0.007455496665953481
  },
  "texture": {
    "flush": -0.55373890926065,
    "fatigue": -0.7583093992053608,
    "skinAge": -0.781806357608774
  }
}