{
  "ticker": "NG=F",
  "timestamp": "2026-02-26T12:00:00Z",
  "metaAxes": {
    "distress": 0.1676226882773073,
    "vitality": 0.5100470170891109,
    "aggression": -0.7459538788405446
  },
  "activations": {
    "alarm": -0.13152693155668804,
    "fatigue": 0.270283233377892,
    "aggression": -0.6713584909564903,
    "dominance": -0.04718137235028674,
    "maturity": -0.9468060128462683,
    "sharpness": -0.2743149911332001
  },
  "rawSignals": {
    "dev": 0.0385890483236615,
    "vel": 0.23669435833009894,
    "vol": 1.0409146586050988,
    "mom": 0.08025379587499633,
    "dd": -0.003868123695759796,
    "mr_z": 0.037072249876251746
  },
  "texture": {
    "flush": 0.6915347619996199,
    "fatigue": -0.4561329685022949,
    "skinAge": -0.9468060128462683
  }
}