{
  "ticker": "WTI",
  "timestamp": "2026-02-26T12:00:00Z",
  "metaAxes": {
    "distress": 0.6992280258693873,
    "vitality": -0.8610959042683679,
    "aggression": -0.7398532930438092
  },
  "activations": {
    "alarm": 1,
    "fatigue": -0.6088609230640207,
    "aggression": -0.6658679637394282,
    "dominance": -0.32018983946243545,
    "maturity": -0.9878803970168317,
    "sharpness": 0.2527598839443638
  },
  "rawSignals": {
    "dev": -0.008936169483605205,
    "vel": -0.963313413075222,
    "vol": 1.0409146586050988,
    "mom": -0.04176755937916673,
    "dd": -0.03686893181387253,
    "mr_z": -0.008584920396433191
  },
  "texture": {
    "flush": -0.9023079026883113,
    "fatigue": 0.7425246248877052,
    "skinAge": -0.9878803970168317
  }
}