{
  "ticker": "BRENT",
  "timestamp": "2026-03-05T08:00:00Z",
  "activations": {
    "tension": -0.06743349218276906,
    "valence": 0.20252751820384263,
    "stature": 0.004938487604098096
  },
  "rawSignals": {
    "dev": 0.1296815773780205,
    "vel": 0.06603073927233603,
    "vol": 1.0198518978026976,
    "mom": 0.048830933812240254,
    "dd": -0.01080746790595196,
    "mr_z": 0.12715726436105423
  },
  "texture": {
    "flush": 0.13500917242300922,
    "fatigue": 0.2596795952376102,
    "skinAge": 0
  }
}