{
  "ticker": "GC=F",
  "timestamp": "2026-03-11T14:00:00Z",
  "activations": {
    "tension": 0.7560395348330948,
    "valence": -0.47143525951090015,
    "stature": -0.7313069418692493
  },
  "rawSignals": {
    "dev": 0.08572252919985374,
    "vel": -0.3374764354347695,
    "vol": 1.0213635655913909,
    "mom": -0.10251772974249604,
    "dd": -0.07466830718773862,
    "mr_z": 0.0839294959089505
  },
  "texture": {
    "flush": -0.37763628798361965,
    "fatigue": -0.4341451867865898,
    "skinAge": 0
  }
}