{
  "ticker": "SPY",
  "timestamp": "2026-02-25T00:00:00Z",
  "activations": {
    "tension": 0.7934569735559276,
    "valence": 0.9125146155262778,
    "stature": 0.7030938394379722
  },
  "rawSignals": {
    "dev": -0.0033082785567910378,
    "vel": -0.3308278556791091,
    "vol": 1.0315622483634181,
    "mom": -0.013233114227164364,
    "dd": -0.0033082785567910378,
    "mr_z": -0.003207056638646527
  },
  "texture": {
    "flush": 0.28657689264378067,
    "fatigue": -0.44284646039265907,
    "skinAge": 0
  }
}