{
  "ticker": "^VIX",
  "timestamp": "2026-03-15T14:00:00Z",
  "activations": {
    "tension": 0.33228443486109094,
    "valence": -0.8705931213320018,
    "stature": -0.3098212330939214
  },
  "rawSignals": {
    "dev": -0.036332905892613176,
    "vel": 0.3399472614597069,
    "vol": 1.0202479860608615,
    "mom": -0.0882646935999304,
    "dd": -0.09338245948894804,
    "mr_z": -0.035611837895307336
  },
  "texture": {
    "flush": -0.5131806886496516,
    "fatigue": -0.28822059037354136,
    "skinAge": 0
  }
}