{
  "ticker": "^VIX",
  "timestamp": "2026-02-26T12:00:00Z",
  "metaAxes": {
    "distress": 0.516173133695246,
    "vitality": -0.8322444118631064,
    "aggression": -0.7595459075956359
  },
  "activations": {
    "alarm": 0.7867563256706679,
    "fatigue": -0.619077004389233,
    "aggression": -0.6835913168360723,
    "dominance": -0.3183580638917485,
    "maturity": -0.9878803970168317,
    "sharpness": 0.13072217895835914
  },
  "rawSignals": {
    "dev": -0.03274196857300034,
    "vel": -0.6950073578554059,
    "vol": 1.0409146586050988,
    "mom": -0.08488258279609222,
    "dd": -0.041640100943145,
    "mr_z": -0.031454998065717464
  },
  "texture": {
    "flush": -1,
    "fatigue": 0.7499750290126688,
    "skinAge": -0.9878803970168317
  }
}