{
  "ticker": "RB=F",
  "timestamp": "2026-02-26T12:00:00Z",
  "metaAxes": {
    "distress": 0.6294545227701427,
    "vitality": 0.8068599852739342,
    "aggression": 0.08897834477525857
  },
  "activations": {
    "alarm": 0.3830027326538721,
    "fatigue": 0.672566919823564,
    "aggression": 0.08008051029773271,
    "dominance": 0.17916766600983858,
    "maturity": -0.2913126124515909,
    "sharpness": 0.29223505378109893
  },
  "rawSignals": {
    "dev": 0.007044266093574265,
    "vel": 0.31435173289503027,
    "vol": 1.0409146586050988,
    "mom": -0.030445836620471255,
    "dd": -0.03423599201591071,
    "mr_z": 0.006767381009903437
  },
  "texture": {
    "flush": -0.7625178359306601,
    "fatigue": -0.7882088406315603,
    "skinAge": -0.2913126124515909
  }
}