{
  "ticker": "SPY",
  "timestamp": "2026-02-26T12:00:00Z",
  "metaAxes": {
    "distress": 0.28244175396419857,
    "vitality": 0.2834016630734948,
    "aggression": 0.5328456711106726
  },
  "activations": {
    "alarm": 0.2772521147978214,
    "fatigue": 0.32067427791267705,
    "aggression": 0.47956110399960533,
    "dominance": 0.1632494668368335,
    "maturity": 0.4218990052500078,
    "sharpness": 0.340093071361764
  },
  "rawSignals": {
    "dev": -0.03738478513552678,
    "vel": 0.2670001789264637,
    "vol": 1.0409146586050988,
    "mom": -0.06731586559217606,
    "dd": -0.045137973535743496,
    "mr_z": -0.03591532199731447
  },
  "texture": {
    "flush": -0.8691780147225292,
    "fatigue": -0.5054037678139826,
    "skinAge": 0.4218990052500078
  }
}