{
  "ticker": "XLE",
  "timestamp": "2026-02-26T12:00:00Z",
  "metaAxes": {
    "distress": 0.24001878820123945,
    "vitality": -0.18317690521685082,
    "aggression": -0.5519208489571763
  },
  "activations": {
    "alarm": 0.2545033017645273,
    "fatigue": -0.1750091427651861,
    "aggression": -0.49672876406145866,
    "dominance": -0.14701955083480545,
    "maturity": -0.781806357608774,
    "sharpness": -0.049280530879599244
  },
  "rawSignals": {
    "dev": 0.03530553334538155,
    "vel": 0.07776716376390105,
    "vol": 1.0409146586050988,
    "mom": 0.08880922926005833,
    "dd": 0,
    "mr_z": 0.033917798210944136
  },
  "texture": {
    "flush": -0.2886757582749703,
    "fatigue": 0.3514280660326708,
    "skinAge": -0.781806357608774
  }
}