{"dims":100,"n_basis":10,"vectors":[[0.0,-0.135033,0.0,0.122124,-0.253325,-0.169077,0.016599,-0.041061,-0.002181,-0.11076,0.114182,0.10099,0.008574,0.146363,0.060702,-0.111572,0.047879,-0.124503,0.114059,-0.006482,-0.024003,-0.088413,0.158737,-0.020064,-0.055615,-0.045722,0.069116,0.04745,0.05359,0.055938,0.278075,-0.05277,-0.06651,-0.105661,0.07998,0.146587,-0.014795,-0.109087,-0.107052,0.084474,0.096505,0.070524,-0.086411,0.030144,0.015151,0.028395,0.113148,0.029032,0.088151,0.008775,0.03754,0.081967,-0.189199,-0.041507,-0.061074,-0.082953,-0.035725,0.194105,-0.112421,0.125723,-0.218506,-0.043482,0.021132,0.076116,0.092347,0.103009,-0.045279,-0.060032,0.111401,-0.024839,-0.165637,-0.147148,-0.119383,0.064552,0.018493,0.089654,-0.055475,0.020585,0.081228,-0.040166,0.059308,-0.085945,-0.047139,-0.049565,-0.15527,0.063229,-0.060948,0.001622,0.062421,0.057978,0.086395,-0.012787,-0.054962,-0.010351,-0.219086,-0.187895,-0.171741,-0.129484,0.051907,-0.117569],[0.0,0.147849,0.0,0.063796,-0.07076,-0.004092,-0.099791,-0.030854,0.087001,-0.167165,0.033299,0.014323,-0.062227,-0.16416,0.001301,-0.043382,0.01918,0.014866,0.153866,-0.024062,-0.103267,0.027468,0.006643,0.142397,0.091876,0.041485,0.144117,-0.127571,-0.071496,-0.101354,-0.068419,-0.136828,0.072329,-0.012248,-0.159992,-0.119726,0.033875,0.097603,0.217047,0.292363,0.033023,-0.109334,-0.211428,0.024594,-0.085488,-0.04577,-0.074672,-0.01748,0.101157,0.01533,-0.020184,-0.115255,-0.153785,-0.046018,0.000631,0.190978,0.017072,0.08183,-0.040177,-0.135104,-0.077539,-0.070491,0.21767,-0.092535,0.077239,-0.103679,0.100791,0.045834,-0.027459,-0.001694,-0.050845,0.060969,-0.034896,-0.133108,-0.133847,0.008743,0.168693,0.014438,-0.020479,0.033586,0.128866,0.03136,-0.037663,0.119268,0.060004,0.152196,0.025096,-0.126617,-0.147614,0.164622,0.169255,-0.017244,-0.034006,0.151974,-0.092137,-0.07337,0.083831,-0.027637,-0.005786,-0.004972],[0.0,0.134913,0.0,0.062717,-0.201071,-0.005567,-0.080977,-0.119156,-0.087429,-0.030676,0.089806,-0.129687,0.004023,-0.044123,-0.031822,0.098377,0.052672,0.130188,-0.016979,-0.067851,-0.020435,0.022883,0.018003,-0.108599,0.007142,0.021481,0.244775,0.186158,-0.082215,-0.026285,-0.140919,-0.056002,0.029453,0.117819,-0.068524,-0.061476,-0.211021,-0.018026,-0.108059,-0.056045,-0.085954,-0.007162,-0.169358,-0.14399,0.210066,-0.125292,-0.105728,0.180422,0.283527,-0.114999,-0.035577,0.035696,0.170853,-0.09619,-0.024355,0.072751,0.042154,-0.037161,-0.013052,-0.131967,-0.023229,-0.025217,0.019438,-0.052577,0.045461,0.101388,0.013418,0.033444,0.006205,-9.1e-05,-0.070747,0.029309,-0.00959,0.207529,0.156371,0.038127,-0.077704,-0.109128,0.117454,0.025016,0.045326,-0.171882,0.091233,0.042404,-0.110542,-0.048275,0.025138,0.007139,-0.025994,-0.012433,-0.026912,0.015156,0.144448,-0.253948,-0.022873,0.017496,0.026817,-0.036667,-0.171788,0.031622],[0.0,-0.123043,0.0,-0.029203,-0.010559,-0.09823,-0.051458,0.124794,0.066117,0.15971,0.121752,0.03446,0.169083,0.013451,0.079344,-0.024563,0.009023,-0.05567,0.112754,-0.125707,0.066828,-0.009797,0.111766,0.090206,0.200144,0.08314,-0.133638,-0.016626,-0.135156,-0.069922,0.122403,0.047776,-0.056705,-0.092908,-0.02473,-0.150041,-0.073282,0.049351,0.145695,0.091347,-0.238306,0.012775,-0.0227,0.036514,0.162741,-0.223137,-0.081024,0.064917,-0.139246,0.145892,0.031043,0.068556,-0.058514,0.07459,0.110951,0.056019,0.030038,0.025045,-0.087094,-0.045561,-0.014065,0.031295,0.128878,-0.126126,-0.005968,0.136526,-0.059621,-0.072761,0.011087,0.087004,0.000687,0.152514,0.088957,0.0751,0.045901,0.234441,-0.000138,-0.208234,0.161534,-0.038791,0.02609,0.133619,-0.160531,-0.107278,-0.151711,-0.067377,0.052516,0.03752,0.004629,-0.126651,-0.219571,0.004799,-0.042161,0.054223,0.070982,0.016249,0.098864,0.025356,0.041907,-0.064068],[0.0,-0.02045,0.0,-0.037979,0.05305,-0.059585,-0.014785,0.118404,-0.177244,-0.131251,-0.135795,-0.207364,-0.049523,0.08775,-0.006204,-0.013373,0.113647,0.098822,0.037871,0.129762,0.012035,-0.099182,-0.031094,-0.11344,-0.060074,-0.028661,0.04417,0.142082,-0.154075,0.030958,-0.04597,0.048876,-0.027591,-0.236305,0.098045,-0.073255,-0.033009,-0.103749,-0.020413,0.101725,-0.031532,0.03505,0.033853,0.171658,-0.048964,-0.1714,0.120221,-0.051299,0.067951,0.083324,-0.001302,0.039878,0.136223,0.236143,0.022568,0.022589,0.10877,-0.052424,0.008534,0.011472,0.005871,-0.088808,-0.128144,-0.2292,-0.109169,-0.041113,-0.03794,0.184146,0.125243,-0.089603,0.026724,-0.032448,-0.029114,-0.006332,0.037847,0.005154,0.132646,-0.132057,0.014069,0.260877,0.037458,0.19219,-0.037942,0.042695,-0.022795,-0.001442,-0.081123,0.039025,-0.090984,0.071693,0.106462,0.033999,-0.067597,0.107933,-0.047277,0.072772,-0.190102,-0.040652,-0.170334,-0.183673],[0.0,0.081022,0.0,-0.172454,-0.24222,-0.038593,0.2414,0.069377,-0.025559,0.08494,-0.159754,-0.010996,0.027644,-0.029217,0.083457,0.033628,0.048694,-0.079488,0.08987,0.149913,-0.086575,-0.074448,0.123621,0.016244,0.172522,-0.029294,0.091654,-0.028801,0.021448,0.139954,-0.040452,-0.08037,-0.04246,0.046941,-0.169078,0.037294,-0.030564,0.143642,-0.188896,-0.071432,-0.192263,-0.093385,0.047805,-0.008897,-0.035113,-0.019222,0.001652,-0.117,0.00716,0.090255,0.04072,0.042687,0.015479,0.213277,0.012901,-0.019746,-0.077901,-0.115679,-0.118054,-0.096738,0.020664,0.048665,0.025697,-0.082185,0.078939,0.061959,-0.01362,-0.07817,0.032839,0.036125,-0.116087,0.028153,0.053036,-0.118197,-0.003222,-0.135969,0.146006,0.120307,-0.034253,0.020331,-0.249089,-0.078039,-0.050265,-0.116445,0.091308,0.192504,-0.101404,-0.085305,0.020729,0.140267,-0.15479,0.022744,0.168563,-0.127916,-0.087833,-0.02382,-0.009743,0.106422,0.052429,-0.161701],[0.0,-0.025241,0.0,-0.050734,-0.088418,0.078988,0.064697,0.008117,-0.099705,0.090519,-0.054006,0.089049,-0.129806,-0.0174,-0.080053,-0.126127,0.03773,0.000696,-0.052996,0.094607,-0.061119,0.045589,0.038257,-0.000914,0.099191,-0.03135,-0.039593,0.074932,-0.078886,-0.281416,0.158225,0.229511,-0.020628,-0.116941,-0.098731,-0.041096,-0.013213,-0.055287,0.108814,0.061388,-0.162116,0.039596,0.167882,-0.040776,-0.016569,0.018315,-0.002705,-0.157462,0.004351,-0.060966,0.187081,-0.048032,0.115618,-0.195166,0.06234,0.063765,-0.119716,0.036493,0.116243,-0.072067,-0.176959,0.021785,-0.010147,0.014707,0.03655,-0.172062,-0.139389,-0.006345,-0.10582,-0.227787,0.070769,0.066568,-0.056841,-0.147931,0.059605,0.043894,0.228252,0.074998,0.03999,-0.099743,0.088046,0.010853,0.132133,-0.053609,-0.030527,-0.033462,0.119251,0.12402,-0.042415,-0.053337,0.001776,-0.037815,0.122598,-0.251237,-0.067825,-0.104371,-0.1462,-0.081029,-0.042681,0.043374],[0.0,-0.029001,0.0,-0.024087,0.039308,-0.148093,-0.071579,0.095015,-0.056331,0.044141,-0.028874,0.051022,-0.114545,0.013924,-0.001118,-0.152037,-0.127047,0.064569,0.018131,-0.069452,-0.032262,0.08315,-0.201272,-0.165225,-0.06214,0.150287,0.067189,0.105299,-0.165072,-0.113085,0.074925,-0.002497,0.040431,-0.084489,0.010055,0.001167,0.064234,0.085733,-0.187329,-0.186934,0.058747,0.121172,-0.12196,-0.162742,0.004057,0.044298,0.216811,0.028956,-0.011459,-0.056039,0.020705,-0.014442,-0.11358,0.287547,0.202229,0.13925,-0.095367,0.097436,0.032719,0.0287,0.095498,0.049725,0.090473,0.000948,0.047911,-0.18316,-0.007798,-0.044237,-0.100395,0.161893,0.150132,0.147022,0.016338,0.12287,0.006856,0.033333,-0.049903,0.025546,0.027782,-0.094093,-0.0121,0.017627,0.163873,0.08096,-0.01682,0.07162,-0.022898,-0.030464,-0.139166,0.03037,-0.074812,-0.128477,0.063277,0.044566,-0.249139,-0.035627,0.055621,0.102189,0.089432,-0.075496],[0.0,-0.060374,0.0,0.03283,0.034339,0.112026,0.021067,-0.157901,-0.019391,0.013896,-0.017391,-0.073236,0.050481,-0.078655,-0.044325,0.072351,-0.018998,0.011517,0.05899,-0.10774,-0.074249,0.13128,-0.066898,-0.198585,-0.150849,-0.009978,0.06949,-0.024161,0.150389,-0.225661,-0.000596,0.101389,-0.117652,0.020023,-0.133453,-0.086442,-0.072364,0.180938,0.155967,-0.027309,0.16335,-0.040321,0.141991,-0.025074,0.03472,0.022922,0.283021,0.10362,-0.018494,0.104533,-0.051231,-0.040822,0.096318,-0.00509,-0.002953,-0.001229,