{
  "ticker": "ALI=F",
  "timestamp": "2026-02-25T00:00:00Z",
  "activations": {
    "tension": 0.6583000435410484,
    "valence": 0.021136203023102818,
    "stature": -0.07457664657572538
  },
  "rawSignals": {
    "dev": 0.005186900110102925,
    "vel": 0.5186900110102993,
    "vol": 1.0315622483634181,
    "mom": 0.020747600440411972,
    "dd": 0,
    "mr_z": 0.005028198849203705
  },
  "texture": {
    "flush": 0.03634573825008822,
    "fatigue": -0.24340707450420246,
    "skinAge": 0
  }
}