{
  "ticker": "BRENT",
  "timestamp": "2026-02-25T00:00:00Z",
  "activations": {
    "tension": 0.29878736360557556,
    "valence": -0.9237018076123709,
    "stature": 0.5077506941269767
  },
  "rawSignals": {
    "dev": -0.002280782726907837,
    "vel": -0.22807827269078393,
    "vol": 1.0315622483634181,
    "mom": -0.009123130907631357,
    "dd": -0.002280782726907837,
    "mr_z": -0.002210998638740723
  },
  "texture": {
    "flush": -0.4324923306158216,
    "fatigue": -0.16398433682672806,
    "skinAge": 0
  }
}