{
  "ticker": "CF",
  "timestamp": "2026-02-25T00:00:00Z",
  "activations": {
    "tension": 0.7649494816653515,
    "valence": 0.939487643489004,
    "stature": 0.8002525566763128
  },
  "rawSignals": {
    "dev": 0.0021803252316522047,
    "vel": 0.21803252316522342,
    "vol": 1.0315622483634181,
    "mom": 0.008721300926608937,
    "dd": 0,
    "mr_z": 0.0021136147965004617
  },
  "texture": {
    "flush": 0.2423179269432263,
    "fatigue": -0.26181014921067297,
    "skinAge": 0
  }
}