{
  "ticker": "DX=F",
  "timestamp": "2026-02-25T00:00:00Z",
  "activations": {
    "tension": 0.730280310446848,
    "valence": 0.1379677872700058,
    "stature": -0.1792918750425112
  },
  "rawSignals": {
    "dev": -0.006879677407197988,
    "vel": -0.6879677407198002,
    "vol": 1.0315622483634181,
    "mom": -0.027518709628792007,
    "dd": -0.006879677407197988,
    "mr_z": -0.006669182997063582
  },
  "texture": {
    "flush": 0.09286003825314398,
    "fatigue": -0.2563486954118451,
    "skinAge": 0
  }
}