{
  "ticker": "GC=F",
  "timestamp": "2026-02-25T00:00:00Z",
  "activations": {
    "tension": 0.5851722461001476,
    "valence": -0.8724844389006886,
    "stature": 0.15301646174354722
  },
  "rawSignals": {
    "dev": -0.007781308572906908,
    "vel": -0.7781308572906862,
    "vol": 1.0315622483634181,
    "mom": -0.03112523429162745,
    "dd": -0.007781308572906908,
    "mr_z": -0.0075432273575850774
  },
  "texture": {
    "flush": -0.42033093970987845,
    "fatigue": -0.2294896558649502,
    "skinAge": 0
  }
}