{
  "ticker": "HO=F",
  "timestamp": "2026-02-25T00:00:00Z",
  "activations": {
    "tension": 0.6996640106549226,
    "valence": 0.8819915552141364,
    "stature": 0.6999667616587886
  },
  "rawSignals": {
    "dev": 0.0024664115298868696,
    "vel": 0.2466411529886825,
    "vol": 1.0315622483634181,
    "mom": 0.0098656461195473,
    "dd": 0,
    "mr_z": 0.0023909478403265063
  },
  "texture": {
    "flush": 0.2347860136398323,
    "fatigue": -0.25093776311855304,
    "skinAge": 0
  }
}