{
  "ticker": "NG=F",
  "timestamp": "2026-02-25T00:00:00Z",
  "activations": {
    "tension": 0.5961505874277959,
    "valence": -0.6686490686640774,
    "stature": 0.23195071954602087
  },
  "rawSignals": {
    "dev": -0.0067768329875852375,
    "vel": -0.6776832987585184,
    "vol": 1.0315622483634181,
    "mom": -0.027107331950340735,
    "dd": -0.0067768329875852375,
    "mr_z": -0.006569485262122318
  },
  "texture": {
    "flush": -0.36796934166378,
    "fatigue": -0.23163236576200147,
    "skinAge": 0
  }
}