{
  "ticker": "RB=F",
  "timestamp": "2026-02-25T00:00:00Z",
  "activations": {
    "tension": 0.6644045046988245,
    "valence": 0.841005864385665,
    "stature": 0.6576275630226287
  },
  "rawSignals": {
    "dev": 0.00033111511532894154,
    "vel": 0.03311151153289713,
    "vol": 1.0315622483634181,
    "mom": 0.0013244604613158854,
    "dd": 0,
    "mr_z": 0.0003209841343595681
  },
  "texture": {
    "flush": 0.22926592970632176,
    "fatigue": -0.24453303544285016,
    "skinAge": 0
  }
}