{
  "ticker": "^TNX",
  "timestamp": "2026-02-25T00:00:00Z",
  "activations": {
    "tension": 0.7227547925835176,
    "valence": 0.7736821993468068,
    "stature": 0.4683256066642507
  },
  "rawSignals": {
    "dev": -0.005344718974456875,
    "vel": -0.5344718974456892,
    "vol": 1.0315622483634181,
    "mom": -0.02137887589782757,
    "dd": -0.005344718974456875,
    "mr_z": -0.005181189000408181
  },
  "texture": {
    "flush": 0.21989801604192663,
    "fatigue": -0.25504493698168457,
    "skinAge": 0
  }
}