{
  "ticker": "^VIX",
  "timestamp": "2026-02-25T00:00:00Z",
  "activations": {
    "tension": 0.7543669617074134,
    "valence": 0.13073451668163694,
    "stature": -0.12778687293862345
  },
  "rawSignals": {
    "dev": -0.004888292599356881,
    "vel": -0.48882925993568943,
    "vol": 1.0315622483634181,
    "mom": -0.01955317039742758,
    "dd": -0.004888292599356881,
    "mr_z": -0.004738727698800724
  },
  "texture": {
    "flush": 0.0903930710430966,
    "fatigue": -0.26023280137271,
    "skinAge": 0
  }
}