{
  "ticker": "WTI",
  "timestamp": "2026-02-25T00:00:00Z",
  "activations": {
    "tension": 0.2832859323647059,
    "valence": -0.733909344953698,
    "stature": 0.03990055366451184
  },
  "rawSignals": {
    "dev": 0.0027315791884452876,
    "vel": 0.2731579188445227,
    "vol": 1.0315622483634181,
    "mom": 0.010926316753780908,
    "dd": 0,
    "mr_z": 0.0026480022827308387
  },
  "texture": {
    "flush": -0.3855082909006288,
    "fatigue": -0.1596738360309025,
    "skinAge": 0
  }
}