{
  "ticker": "XLE",
  "timestamp": "2026-02-25T00:00:00Z",
  "activations": {
    "tension": 0.2514384040760027,
    "valence": -0.848442577749364,
    "stature": 0.0875579902714374
  },
  "rawSignals": {
    "dev": -0.0020582736626323594,
    "vel": -0.2058273662632388,
    "vol": 1.0315622483634181,
    "mom": -0.008233094650529552,
    "dd": -0.0020582736626323594,
    "mr_z": -0.001995297584704973
  },
  "texture": {
    "flush": -0.4144992424531632,
    "fatigue": -0.15043090230015987,
    "skinAge": 0
  }
}