{
  "ticker": "ALI=F",
  "timestamp": "2026-02-26T12:00:00Z",
  "metaAxes": {
    "distress": 0.548033843198344,
    "vitality": 0.25470523553316804,
    "aggression": -0.03283284302279399
  },
  "activations": {
    "alarm": 0.4960302068514922,
    "fatigue": 0.25557381489955017,
    "aggression": -0.029549558720514593,
    "dominance": 0.04437447850207481,
    "maturity": -0.781806357608774,
    "sharpness": 0.2774813833799136
  },
  "rawSignals": {
    "dev": 0.015883159443477412,
    "vel": 0.7148840353349842,
    "vol": 1.0409146586050988,
    "mom": 0.015536080431162426,
    "dd": -0.013066338746051757,
    "mr_z": 0.01525884885199138
  },
  "texture": {
    "flush": -0.4400011676950968,
    "fatigue": -0.441072329545987,
    "skinAge": -0.781806357608774
  }
}