{
  "ticker": "BRENT",
  "timestamp": "2026-02-26T12:00:00Z",
  "metaAxes": {
    "distress": 0.30711141508155815,
    "vitality": -0.5434516864098144,
    "aggression": -0.4498297005690851
  },
  "activations": {
    "alarm": 0.3518658544658234,
    "fatigue": -0.4018239233099991,
    "aggression": -0.4048467305121766,
    "dominance": -0.19865627739577993,
    "maturity": -0.9878803970168317,
    "sharpness": 0.08585272178277298
  },
  "rawSignals": {
    "dev": 0.046564412139022515,
    "vel": 0.4749844455826385,
    "vol": 1.0409146586050988,
    "mom": 0.09257939962372495,
    "dd": -0.004105036546570396,
    "mr_z": 0.04473413046312769
  },
  "texture": {
    "flush": -0.4543491395663983,
    "fatigue": 0.5786573499836773,
    "skinAge": -0.9878803970168317
  }
}