{
  "ticker": "CF",
  "timestamp": "2026-02-26T12:00:00Z",
  "metaAxes": {
    "distress": 0.26182648383640594,
    "vitality": -0.03414976210381904,
    "aggression": -0.8526940439982331
  },
  "activations": {
    "alarm": 0.1652274899358844,
    "fatigue": -0.11253496749694741,
    "aggression": -0.7674246395984098,
    "dominance": -0.17736876122041045,
    "maturity": -0.2913126124515909,
    "sharpness": -0.17885926298187685
  },
  "rawSignals": {
    "dev": -0.04586987960329566,
    "vel": -0.5431135130143503,
    "vol": 1.0409146586050988,
    "mom": -0.1393202684531996,
    "dd": -0.05818918539627361,
    "mr_z": -0.04406689753487056
  },
  "texture": {
    "flush": 0.044342715974460004,
    "fatigue": 0.2696326585939281,
    "skinAge": -0.2913126124515909
  }
}