{
  "ticker": "DX=F",
  "timestamp": "2026-02-26T12:00:00Z",
  "metaAxes": {
    "distress": 0.39388879477458993,
    "vitality": 0.4648991077807427,
    "aggression": 0.09951320160703925
  },
  "activations": {
    "alarm": 0.37846978832599343,
    "fatigue": 0.39943967490376425,
    "aggression": 0.08956188144633533,
    "dominance": 0.1128824618775564,
    "maturity": -0.2913126124515909,
    "sharpness": 0.20640369134045822
  },
  "rawSignals": {
    "dev": -0.004486958579688434,
    "vel": -0.6160873529731704,
    "vol": 1.0409146586050988,
    "mom": 0.0023469003705891243,
    "dd": -0.009883304149446872,
    "mr_z": -0.004310592172562238
  },
  "texture": {
    "flush": -0.49579536663675094,
    "fatigue": -0.5765947978089674,
    "skinAge": -0.2913126124515909
  }
}