{
  "ticker": "GC=F",
  "timestamp": "2026-02-26T12:00:00Z",
  "metaAxes": {
    "distress": 0.3672107441802386,
    "vitality": -0.6484967410133355,
    "aggression": 0.2829191810910989
  },
  "activations": {
    "alarm": 0.5436442069139277,
    "fatigue": -0.35642822991863427,
    "aggression": 0.25462726298198907,
    "dominance": -0.07311551198444734,
    "maturity": 0.4218990052500078,
    "sharpness": 0.43076863009658306
  },
  "rawSignals": {
    "dev": 0.0028153329205927945,
    "vel": -0.005015904078733468,
    "vol": 1.0409146586050988,
    "mom": 0.06257326507428529,
    "dd": -0.00005001572114045033,
    "mr_z": 0.0027046721816421965
  },
  "texture": {
    "flush": -1,
    "fatigue": 0.5384969604926365,
    "skinAge": 0.4218990052500078
  }
}