{
  "ticker": "WTI",
  "timestamp": "2026-02-26T12:00:00Z",
  "metaAxes": {
    "distress": 0.6142937947462732,
    "vitality": -0.8610959042683679,
    "aggression": -0.7398532930438092
  },
  "activations": {
    "alarm": 0.6939095659045844,
    "fatigue": -0.6216010577324879,
    "aggression": -0.6658679637394282,
    "dominance": -0.32018983946243545,
    "maturity": -0.9878803970168317,
    "sharpness": 0.20179934527049537
  },
  "rawSignals": {
    "dev": -0.008936169483605205,
    "vel": -0.963313413075222,
    "vol": 1.0409146586050988,
    "mom": -0.04176755937916673,
    "dd": -0.03686893181387253,
    "mr_z": -0.008584920396433191
  },
  "texture": {
    "flush": -0.8220264485640828,
    "fatigue": 0.7518081802835296,
    "skinAge": -0.9878803970168317
  }
}