{
  "ticker": "ALI=F",
  "timestamp": "2026-03-04T04:00:00Z",
  "activations": {
    "tension": 0.4836018253476271,
    "valence": 0.7861038404612701,
    "stature": 0.735750817127274
  },
  "rawSignals": {
    "dev": 0.0243754168874149,
    "vel": 0.22659163271684934,
    "vol": 1.0499995678593714,
    "mom": 0.12048085433539639,
    "dd": -0.004816084124203535,
    "mr_z": 0.02321469230421583
  },
  "texture": {
    "flush": 0.22165624292771313,
    "fatigue": -0.20862445753383385,
    "skinAge": 0
  }
}