{
  "ticker": "BRENT",
  "timestamp": "2026-03-04T04:00:00Z",
  "activations": {
    "tension": 0.3906082842907157,
    "valence": 0.19070453629290895,
    "stature": -0.021818166273293138
  },
  "rawSignals": {
    "dev": 0.1275054659293012,
    "vel": -0.41532866514284533,
    "vol": 1.0499995678593714,
    "mom": 0.05216194639547302,
    "dd": -0.012712954582182988,
    "mr_z": 0.12143382705313481
  },
  "texture": {
    "flush": 0.10917432627823635,
    "fatigue": -0.1874959881868527,
    "skinAge": 0
  }
}