{
  "ticker": "CF",
  "timestamp": "2026-03-04T04:00:00Z",
  "activations": {
    "tension": 0.7278754852355693,
    "valence": -0.8172866413717785,
    "stature": 0.4151279443088465
  },
  "rawSignals": {
    "dev": -0.12795031371334686,
    "vel": 0.3833077422134338,
    "vol": 1.0499995678593714,
    "mom": -0.02586003663126284,
    "dd": -0.1392098332719256,
    "mr_z": -0.1218574917837333
  },
  "texture": {
    "flush": -0.4068175818198928,
    "fatigue": -0.2559369650870256,
    "skinAge": 0
  }
}