{
  "ticker": "DX=F",
  "timestamp": "2026-03-04T04:00:00Z",
  "activations": {
    "tension": 0.6880792815006416,
    "valence": -0.9334123189196369,
    "stature": 0.31430120923117033
  },
  "rawSignals": {
    "dev": -0.04303642964217829,
    "vel": -0.33276927311466925,
    "vol": 1.0499995678593714,
    "mom": -0.03850859183816486,
    "dd": -0.048490157095528105,
    "mr_z": -0.0409870927184441
  },
  "texture": {
    "flush": -0.43475969751257587,
    "fatigue": -0.24885163317739695,
    "skinAge": 0
  }
}