{
  "ticker": "GC=F",
  "timestamp": "2026-03-04T04:00:00Z",
  "activations": {
    "tension": 0.24168761605979294,
    "valence": -0.14248572635829815,
    "stature": 0.4603435720157749
  },
  "rawSignals": {
    "dev": 0.043600220638262216,
    "vel": -0.02599048751067422,
    "vol": 1.0499995678593714,
    "mom": 0.08837999609145553,
    "dd": -0.0008266179383724437,
    "mr_z": 0.04152403674522434
  },
  "texture": {
    "flush": -0.1698627669254077,
    "fatigue": -0.14748520415750646,
    "skinAge": 0
  }
}