{
  "ticker": "HO=F",
  "timestamp": "2026-03-04T04:00:00Z",
  "activations": {
    "tension": 0.014318292684860623,
    "valence": 0.4192814662551947,
    "stature": 0.23503090509521307
  },
  "rawSignals": {
    "dev": -0.04676715569788456,
    "vel": 0.1154796599249111,
    "vol": 1.0499995678593714,
    "mom": 0.0009486368186807114,
    "dd": -0.06582707980694431,
    "mr_z": -0.04454016661476205
  },
  "texture": {
    "flush": 0.16187986792973877,
    "fatigue": -0.03589772056325381,
    "skinAge": 0
  }
}