{
  "ticker": "NG=F",
  "timestamp": "2026-03-04T04:00:00Z",
  "activations": {
    "tension": -0.04582152790604033,
    "valence": 0.45498901194967667,
    "stature": 0.06815847176661483
  },
  "rawSignals": {
    "dev": 0.0674435277339252,
    "vel": -0.103623796750041,
    "vol": 1.0499995678593714,
    "mom": -0.03330433074832129,
    "dd": -0.0309972299755012,
    "mr_z": 0.06423195761063213
  },
  "texture": {
    "flush": 0.16863218330690852,
    "fatigue": 0.06421789089921616,
    "skinAge": 0
  }
}