{
  "ticker": "RB=F",
  "timestamp": "2026-03-04T04:00:00Z",
  "activations": {
    "tension": -0.18325748578072976,
    "valence": 0.2092289043933182,
    "stature": -0.011393548323258784
  },
  "rawSignals": {
    "dev": -0.04288701579125984,
    "vel": 0.01225095001976101,
    "vol": 1.0499995678593714,
    "mom": -0.03070983174076204,
    "dd": -0.08212051560685282,
    "mr_z": -0.04084479375424256
  },
  "texture": {
    "flush": 0.11435386536791133,
    "fatigue": 0.1284257517800292,
    "skinAge": 0
  }
}