{
  "ticker": "SPY",
  "timestamp": "2026-03-04T04:00:00Z",
  "activations": {
    "tension": 0.8918801464091548,
    "valence": 0.9518589450074291,
    "stature": 0.901822507045275
  },
  "rawSignals": {
    "dev": -0.013165538984498397,
    "vel": -0.6745745890974633,
    "vol": 1.0499995678593714,
    "mom": 0.09617239361956444,
    "dd": -0.02111379637533623,
    "mr_z": -0.012538613717088391
  },
  "texture": {
    "flush": 0.24390814677448622,
    "fatigue": -0.27601643663810066,
    "skinAge": 0
  }
}