{
  "ticker": "^TNX",
  "timestamp": "2026-03-04T04:00:00Z",
  "activations": {
    "tension": 0.8352692811863349,
    "valence": 0.051710922106197765,
    "stature": 0.32660001680460815
  },
  "rawSignals": {
    "dev": -0.043901370154155475,
    "vel": 0.9888106042584632,
    "vol": 1.0499995678593714,
    "mom": 0.0290428987180685,
    "dd": -0.050080422274076136,
    "mr_z": -0.041810845926019725
  },
  "texture": {
    "flush": 0.05685008910843817,
    "fatigue": -0.2706157745590226,
    "skinAge": 0
  }
}