{
  "ticker": "^VIX",
  "timestamp": "2026-03-04T04:00:00Z",
  "activations": {
    "tension": 0.04523012306483709,
    "valence": -0.2595786393218522,
    "stature": -0.5338822141108158
  },
  "rawSignals": {
    "dev": -0.007455688493239343,
    "vel": -0.24715635763063337,
    "vol": 1.0499995678593714,
    "mom": -0.07035697206061929,
    "dd": -0.06621478719266247,
    "mr_z": -0.007100658630211835
  },
  "texture": {
    "flush": -0.2292698725578114,
    "fatigue": -0.06380212438340387,
    "skinAge": 0
  }
}