{
  "ticker": "WTI",
  "timestamp": "2026-03-04T04:00:00Z",
  "activations": {
    "tension": 0.9159691892186008,
    "valence": -0.3993196477722103,
    "stature": 0.03192994623609868
  },
  "rawSignals": {
    "dev": 0.04357578647525777,
    "vel": 1.2613594915373323,
    "vol": 1.0499995678593714,
    "mom": 0.043441790737603805,
    "dd": -0.003316464844211677,
    "mr_z": 0.04150076610421421
  },
  "texture": {
    "flush": -0.2843628468592066,
    "fatigue": -0.2779588637208695,
    "skinAge": 0
  }
}