{
  "ticker": "XLE",
  "timestamp": "2026-03-04T04:00:00Z",
  "activations": {
    "tension": 0.7231638368665523,
    "valence": -0.8498285889846448,
    "stature": -0.4584988603654322
  },
  "rawSignals": {
    "dev": 0.021842072418906754,
    "vel": 0.42926041368274453,
    "vol": 1.0499995678593714,
    "mom": -0.05616871346691691,
    "dd": -0.04078494697826675,
    "mr_z": 0.020801982293608055
  },
  "texture": {
    "flush": -0.4148376661652008,
    "fatigue": -0.25511696850364607,
    "skinAge": 0
  }
}