{
  "ticker": "CF",
  "timestamp": "2026-03-11T14:00:00Z",
  "metaAxes": {
    "distress": 0.4672127428776407,
    "vitality": 0.8794749706491687,
    "aggression": 0.7698095828642906
  },
  "activations": {
    "alarm": 0.2776154663353808,
    "fatigue": 0.8011858283157077,
    "aggression": 0.6928286245778615,
    "dominance": 0.32985691070269185,
    "maturity": -0.2913126124515909,
    "sharpness": 0.4563302332749254
  },
  "rawSignals": {
    "dev": -0.03312322594107783,
    "vel": -0.026448351076199358,
    "vol": 1.0213635655913909,
    "mom": 0.08042150157940783,
    "dd": -0.04560711088415824,
    "mr_z": -0.0324303970270359
  },
  "texture": {
    "flush": -0.43452376412499366,
    "fatigue": -0.8754673525169462,
    "skinAge": -0.2913126124515909
  }
}