{
  "ticker": "BRENT",
  "timestamp": "2026-03-11T14:00:00Z",
  "metaAxes": {
    "distress": 0.6599782545000734,
    "vitality": 0.9758115806907639,
    "aggression": -0.9254600436142271
  },
  "activations": {
    "alarm": 0.1968324411316412,
    "fatigue": 0.6432458381164116,
    "aggression": -0.8329140392528044,
    "dominance": 0.010070307415307372,
    "maturity": -0.9878803970168317,
    "sharpness": -0.12056880184926141
  },
  "rawSignals": {
    "dev": 0.23366182350037407,
    "vel": 0.8910149511113189,
    "vol": 1.0213635655913909,
    "mom": 0.23079782577921293,
    "dd": 0,
    "mr_z": 0.2287743868806197
  },
  "texture": {
    "flush": 0.008714751411950605,
    "fatigue": -0.7674077679784675,
    "skinAge": -0.9878803970168317
  }
}