{
  "ticker": "DX=F",
  "timestamp": "2026-03-11T14:00:00Z",
  "metaAxes": {
    "distress": 0.5026946521732081,
    "vitality": 0.6985886238157029,
    "aggression": -0.01877845928385824
  },
  "activations": {
    "alarm": 0.2707118989716691,
    "fatigue": 0.5615994656043944,
    "aggression": -0.016900613355472417,
    "dominance": 0.1359620329063689,
    "maturity": -0.2913126124515909,
    "sharpness": 0.18931711401802612
  },
  "rawSignals": {
    "dev": 0.003899703666266703,
    "vel": 0.6912650759763532,
    "vol": 1.0213635655913909,
    "mom": -0.00249249608412579,
    "dd": -0.019218956053692667,
    "mr_z": 0.0038181346952675887
  },
  "texture": {
    "flush": -0.44475111957969343,
    "fatigue": -0.7073852689110596,
    "skinAge": -0.2913126124515909
  }
}