{
  "ticker": "HO=F",
  "timestamp": "2026-03-11T14:00:00Z",
  "metaAxes": {
    "distress": 0.3413660111088861,
    "vitality": -0.04306312731431661,
    "aggression": -0.7365419132313813
  },
  "activations": {
    "alarm": 0.2822465761607942,
    "fatigue": -0.0894205744383959,
    "aggression": -0.6628877219082432,
    "dominance": -0.15592100810913959,
    "maturity": -0.781806357608774,
    "sharpness": -0.08333768953007342
  },
  "rawSignals": {
    "dev": -0.09509956775719061,
    "vel": 0.4736903608431172,
    "vol": 1.0213635655913909,
    "mom": 0.06233046724913319,
    "dd": -0.11319308359426869,
    "mr_z": -0.09311039766934115
  },
  "texture": {
    "flush": -0.27413979365021984,
    "fatigue": 0.23488888874771383,
    "skinAge": -0.781806357608774
  }
}