{
  "ticker": "NG=F",
  "timestamp": "2026-03-11T14:00:00Z",
  "metaAxes": {
    "distress": 0.07838963055005421,
    "vitality": -0.44696756275641736,
    "aggression": 0.2616044250876268
  },
  "activations": {
    "alarm": 0.3042562824707706,
    "fatigue": -0.26187818558384,
    "aggression": 0.23544398257886415,
    "dominance": -0.037072627533758104,
    "maturity": -0.9468060128462683,
    "sharpness": 0.21872068277854587
  },
  "rawSignals": {
    "dev": 0.014736072246710705,
    "vel": 0.12939750656513258,
    "vol": 1.0213635655913909,
    "mom": -0.03838295498607824,
    "dd": -0.07884394883329227,
    "mr_z": 0.014427842095755795
  },
  "texture": {
    "flush": -0.8852032981674821,
    "fatigue": 0.4475685832658719,
    "skinAge": -0.9468060128462683
  }
}