{
  "ticker": "RB=F",
  "timestamp": "2026-03-11T14:00:00Z",
  "metaAxes": {
    "distress": 0.7869284453824246,
    "vitality": -0.15651338811829885,
    "aggression": -0.6184301948492635
  },
  "activations": {
    "alarm": 0.8354621159405972,
    "fatigue": -0.08428463410283503,
    "aggression": -0.5565871753643372,
    "dominance": -0.1549887165935125,
    "maturity": -0.2913126124515909,
    "sharpness": 0.24826199750749414
  },
  "rawSignals": {
    "dev": -0.08586779102174645,
    "vel": 1.1280419133309245,
    "vol": 1.0213635655913909,
    "mom": 0.026071135411377275,
    "dd": -0.1233394442581987,
    "mr_z": -0.08407171933142847
  },
  "texture": {
    "flush": -1,
    "fatigue": 0.22669870720144294,
    "skinAge": -0.2913126124515909
  }
}