{
  "ticker": "BRENT",
  "timestamp": "2026-03-11T14:00:00Z",
  "metaAxes": {
    "distress": 0.5667861271125927,
    "vitality": 0.9758115806907639,
    "aggression": -0.9254600436142271
  },
  "activations": {
    "alarm": 0.5649884470231403,
    "fatigue": 0.4341047028701368,
    "aggression": -0.9254600436142271,
    "dominance": 0.015105461122961072,
    "maturity": -0.6910694698329305,
    "sharpness": -0.17648407828174986
  },
  "rawSignals": {
    "dev": 0.23366182350037407,
    "vel": 0.8910149511113189,
    "vol": 1.0213635655913909,
    "mom": 0.23079782577921293,
    "dd": 0,
    "mr_z": 0.2287743868806197
  },
  "texture": {
    "flush": 0.04921250527074153,
    "fatigue": -0.658866225322058,
    "skinAge": -0.6910694698329305
  }
}