{
  "ticker": "GC=F",
  "timestamp": "2026-03-11T14:00:00Z",
  "metaAxes": {
    "distress": 0.2949477517726893,
    "vitality": -0.47143525951090015,
    "aggression": -0.8495916783355171
  },
  "activations": {
    "alarm": 0.38569816483534136,
    "fatigue": -0.31891421873987424,
    "aggression": -0.8495916783355171,
    "dominance": -0.39630808135392515,
    "maturity": 0.14888503362331806,
    "sharpness": -0.0921527313439583
  },
  "rawSignals": {
    "dev": 0.08572252919985374,
    "vel": -0.3374764354347695,
    "vol": 1.0213635655913909,
    "mom": -0.10251772974249604,
    "dd": -0.07466830718773862,
    "mr_z": 0.0839294959089505
  },
  "texture": {
    "flush": -0.21852802047872022,
    "fatigue": 0.564724905365324,
    "skinAge": 0.14888503362331806
  }
}