{
  "ticker": "NG=F",
  "timestamp": "2026-02-26T12:00:00Z",
  "metaAxes": {
    "distress": 0.019217250141244424,
    "vitality": 0.5100470170891109,
    "aggression": -0.7459538788405446
  },
  "activations": {
    "alarm": -0.16726115923407947,
    "fatigue": 0.24802241765748256,
    "aggression": -0.6713584909564903,
    "dominance": -0.04718137235028674,
    "maturity": -0.5370495669980353,
    "sharpness": -0.36335825401483784
  },
  "rawSignals": {
    "dev": 0.0385890483236615,
    "vel": 0.23669435833009894,
    "vol": 1.0409146586050988,
    "mom": 0.08025379587499633,
    "dd": -0.003868123695759796,
    "mr_z": 0.037072249876251746
  },
  "texture": {
    "flush": 0.7206311608782907,
    "fatigue": -0.4332060986247082,
    "skinAge": -0.5370495669980353
  }
}