{
  "ticker": "SPY",
  "timestamp": "2026-02-26T12:00:00Z",
  "metaAxes": {
    "distress": 0.1394194984729531,
    "vitality": 0.2834016630734948,
    "aggression": 0.5328456711106726
  },
  "activations": {
    "alarm": 0.1907780495258251,
    "fatigue": 0.2992209395889902,
    "aggression": 0.47956110399960533,
    "dominance": 0.1632494668368335,
    "maturity": 0.14888503362331806,
    "sharpness": 0.2542797180670167
  },
  "rawSignals": {
    "dev": -0.03738478513552678,
    "vel": 0.2670001789264637,
    "vol": 1.0409146586050988,
    "mom": -0.06731586559217606,
    "dd": -0.045137973535743496,
    "mr_z": -0.03591532199731447
  },
  "texture": {
    "flush": -0.4874192168445316,
    "fatigue": -0.48483636823997955,
    "skinAge": 0.14888503362331806
  }
}