{
  "ticker": "SPY",
  "timestamp": "2026-03-11T14:00:00Z",
  "metaAxes": {
    "distress": 0.3732186996313016,
    "vitality": -0.08920853568457254,
    "aggression": -0.7416512868200928
  },
  "activations": {
    "alarm": 0.46196163677662444,
    "fatigue": -0.09986915592060494,
    "aggression": -0.7416512868200928,
    "dominance": -0.2492579467513996,
    "maturity": 0.14888503362331806,
    "sharpness": -0.059348014596570325
  },
  "rawSignals": {
    "dev": -0.07834300791112071,
    "vel": 0.6329455578756432,
    "vol": 1.0213635655913909,
    "mom": 0.07701363465605411,
    "dd": -0.08576630663910537,
    "mr_z": -0.0767043299275694
  },
  "texture": {
    "flush": -0.20256753252964696,
    "fatigue": 0.316020815644484,
    "skinAge": 0.14888503362331806
  }
}