{
  "ticker": "SPY",
  "timestamp": "2026-03-11T14:00:00Z",
  "metaAxes": {
    "distress": 0.3732186996313016,
    "vitality": -0.08920853568457254,
    "aggression": -0.7416512868200928
  },
  "activations": {
    "alarm": 0.3126741569241038,
    "fatigue": -0.11771086305751946,
    "aggression": -0.6674861581380835,
    "dominance": -0.1661719645009331,
    "maturity": 0.14888503362331806,
    "sharpness": -0.059348014596570325
  },
  "rawSignals": {
    "dev": -0.07834300791112071,
    "vel": 0.6329455578756432,
    "vol": 1.0213635655913909,
    "mom": 0.07701363465605411,
    "dd": -0.08576630663910537,
    "mr_z": -0.0767043299275694
  },
  "texture": {
    "flush": -0.09041257888987524,
    "fatigue": 0.277006478574967,
    "skinAge": 0.14888503362331806
  }
}