{
  "ticker": "^TNX",
  "timestamp": "2026-02-26T12:00:00Z",
  "metaAxes": {
    "distress": 0.4256925834710674,
    "vitality": 0.08254748008958757,
    "aggression": -0.5742746308158089
  },
  "activations": {
    "alarm": 0.5400155585707916,
    "fatigue": 0.018986432943082568,
    "aggression": -0.5742746308158089,
    "dominance": -0.14751814521786638,
    "maturity": 0.7162978701990246,
    "sharpness": 0.013323575742878735
  },
  "rawSignals": {
    "dev": -0.024919111639309398,
    "vel": -0.7755917763661148,
    "vol": 1.0409146586050988,
    "mom": -0.06396315389015031,
    "dd": -0.031220841860689068,
    "mr_z": -0.023939629856594407
  },
  "texture": {
    "flush": -0.2597238669104562,
    "fatigue": -0.13779126584469195,
    "skinAge": 0.7162978701990246
  }
}