{
  "ticker": "^TNX",
  "timestamp": "2026-03-11T14:00:00Z",
  "metaAxes": {
    "distress": 0.2954394985939117,
    "vitality": 0.7338693480884166,
    "aggression": -0.2805228714460072
  },
  "activations": {
    "alarm": 0.291000414960704,
    "fatigue": 0.369172168116394,
    "aggression": -0.2805228714460072,
    "dominance": 0.13600394299272284,
    "maturity": 0.7162978701990246,
    "sharpness": -0.04502585163531836
  },
  "rawSignals": {
    "dev": -0.013644933424328442,
    "vel": 0.5212020161906784,
    "vol": 1.0213635655913909,
    "mom": 0.007354623256037697,
    "dd": -0.020291935497707737,
    "mr_z": -0.013359526307782225
  },
  "texture": {
    "flush": 0.0039678492510023256,
    "fatigue": -0.6075953983667042,
    "skinAge": 0.7162978701990246
  }
}