{
  "ticker": "^VIX",
  "timestamp": "2026-03-11T14:00:00Z",
  "metaAxes": {
    "distress": 0.5764616715399375,
    "vitality": -0.8765817811994283,
    "aggression": -0.6559487721828319
  },
  "activations": {
    "alarm": 0.6672027900464208,
    "fatigue": -0.6255303119360339,
    "aggression": -0.5903538949645487,
    "dominance": -0.30650611067645206,
    "maturity": -0.6910694698329305,
    "sharpness": 0.21498476123074395
  },
  "rawSignals": {
    "dev": -0.04086867094448774,
    "vel": -0.8366376132619894,
    "vol": 1.0213635655913909,
    "mom": -0.06781700813226432,
    "dd": -0.09764970507698535,
    "mr_z": -0.04001383280284129
  },
  "texture": {
    "flush": -0.5767360128129926,
    "fatigue": 0.7546559764175398,
    "skinAge": -0.6910694698329305
  }
}