{
  "ticker": "^VIX",
  "timestamp": "2026-02-26T12:00:00Z",
  "metaAxes": {
    "distress": 0.3978641400072951,
    "vitality": -0.8322444118631064,
    "aggression": -0.7595459075956359
  },
  "activations": {
    "alarm": 0.44855532964814515,
    "fatigue": -0.6368233534424256,
    "aggression": -0.6835913168360723,
    "dominance": -0.3183580638917485,
    "maturity": -0.6910694698329305,
    "sharpness": 0.05973678274558858
  },
  "rawSignals": {
    "dev": -0.03274196857300034,
    "vel": -0.6950073578554059,
    "vol": 1.0409146586050988,
    "mom": -0.08488258279609222,
    "dd": -0.041640100943145,
    "mr_z": -0.031454998065717464
  },
  "texture": {
    "flush": -0.36215330652647904,
    "fatigue": 0.7628012373029263,
    "skinAge": -0.6910694698329305
  }
}