{
  "ticker": "^VIX",
  "timestamp": "2026-03-11T14:00:00Z",
  "metaAxes": {
    "distress": 0.5764616715399375,
    "vitality": -0.8765817811994283,
    "aggression": -0.6559487721828319
  },
  "activations": {
    "alarm": 0.8977874586623957,
    "fatigue": -0.4502139556961483,
    "aggression": -0.6559487721828319,
    "dominance": -0.45975916601467803,
    "maturity": -0.6910694698329305,
    "sharpness": 0.21498476123074395
  },
  "rawSignals": {
    "dev": -0.04086867094448774,
    "vel": -0.8366376132619894,
    "vol": 1.0213635655913909,
    "mom": -0.06781700813226432,
    "dd": -0.09764970507698535,
    "mr_z": -0.04001383280284129
  },
  "texture": {
    "flush": -0.7049740086808294,
    "fatigue": 0.6709798474590338,
    "skinAge": -0.6910694698329305
  }
}