{
  "ticker": "DX=F",
  "timestamp": "2026-03-11T14:00:00Z",
  "metaAxes": {
    "distress": 0.38243226841484446,
    "vitality": 0.6985886238157029,
    "aggression": -0.01877845928385824
  },
  "activations": {
    "alarm": 0.31307043279139474,
    "fatigue": 0.5435601080406399,
    "aggression": -0.016900613355472417,
    "dominance": 0.1359620329063689,
    "maturity": -0.2913126124515909,
    "sharpness": 0.11715968376300794
  },
  "rawSignals": {
    "dev": 0.003899703666266703,
    "vel": 0.6912650759763532,
    "vol": 1.0213635655913909,
    "mom": -0.00249249608412579,
    "dd": -0.019218956053692667,
    "mr_z": 0.0038181346952675887
  },
  "texture": {
    "flush": -0.2172831772869357,
    "fatigue": -0.6936630254517635,
    "skinAge": -0.2913126124515909
  }
}