{
  "ticker": "HO=F",
  "timestamp": "2026-03-11T14:00:00Z",
  "metaAxes": {
    "distress": 0.2027875086416251,
    "vitality": -0.04306312731431661,
    "aggression": -0.7365419132313813
  },
  "activations": {
    "alarm": 0.11904444161822791,
    "fatigue": -0.11020734980848505,
    "aggression": -0.6628877219082432,
    "dominance": -0.15592100810913959,
    "maturity": -0.781806357608774,
    "sharpness": -0.16648479101043
  },
  "rawSignals": {
    "dev": -0.09509956775719061,
    "vel": 0.4736903608431172,
    "vol": 1.0213635655913909,
    "mom": 0.06233046724913319,
    "dd": -0.11319308359426869,
    "mr_z": -0.09311039766934115
  },
  "texture": {
    "flush": 0.07685287612729265,
    "fatigue": 0.2662725119557549,
    "skinAge": -0.781806357608774
  }
}