{
  "ticker": "WTI",
  "timestamp": "2026-03-11T14:00:00Z",
  "metaAxes": {
    "distress": 0.45034619952718713,
    "vitality": 0.5948320126131688,
    "aggression": 0.3895959039761421
  },
  "activations": {
    "alarm": 0.4645954031843519,
    "fatigue": 0.5423737243547175,
    "aggression": 0.35063631357852787,
    "dominance": 0.19688558331786216,
    "maturity": -0.9878803970168317,
    "sharpness": 0.3368212794147938
  },
  "rawSignals": {
    "dev": 0.14112215612040568,
    "vel": -0.8995399296569362,
    "vol": 1.0213635655913909,
    "mom": 0.09662921928326221,
    "dd": -0.017894577738587367,
    "mr_z": 0.13817034489446764
  },
  "texture": {
    "flush": -0.6424513949292843,
    "fatigue": -0.6927542279646159,
    "skinAge": -0.9878803970168317
  }
}