{
  "ticker": "^TNX",
  "timestamp": "2026-02-26T12:00:00Z",
  "metaAxes": {
    "distress": 0.4256925834710674,
    "vitality": 0.08254748008958757,
    "aggression": -0.5742746308158089
  },
  "activations": {
    "alarm": 0.3697385251823647,
    "fatigue": 0.03549592896100007,
    "aggression": -0.516847167734228,
    "dominance": -0.09834543014524427,
    "maturity": 0.9910074536781177,
    "sharpness": 0.013323575742878735
  },
  "rawSignals": {
    "dev": -0.024919111639309398,
    "vel": -0.7755917763661148,
    "vol": 1.0409146586050988,
    "mom": -0.06396315389015031,
    "dd": -0.031220841860689068,
    "mr_z": -0.023939629856594407
  },
  "texture": {
    "flush": -0.11856258675297965,
    "fatigue": -0.13492956738819065,
    "skinAge": 0.9910074536781177
  }
}