{
  "ticker": "ALI=F",
  "timestamp": "2026-02-26T12:00:00Z",
  "metaAxes": {
    "distress": 0.43461042908045155,
    "vitality": 0.25470523553316804,
    "aggression": -0.03283284302279399
  },
  "activations": {
    "alarm": 0.4349407602051025,
    "fatigue": 0.23856030278186627,
    "aggression": -0.029549558720514593,
    "dominance": 0.04437447850207481,
    "maturity": -0.781806357608774,
    "sharpness": 0.20942733490917811
  },
  "rawSignals": {
    "dev": 0.015883159443477412,
    "vel": 0.7148840353349842,
    "vol": 1.0409146586050988,
    "mom": 0.015536080431162426,
    "dd": -0.013066338746051757,
    "mr_z": 0.01525884885199138
  },
  "texture": {
    "flush": -0.35839516768514856,
    "fatigue": -0.42321290914348414,
    "skinAge": -0.781806357608774
  }
}