{
  "ticker": "HO=F",
  "timestamp": "2026-02-26T12:00:00Z",
  "metaAxes": {
    "distress": 0.47061412755957255,
    "vitality": 0.7040022043636636,
    "aggression": 0.33962582455028545
  },
  "activations": {
    "alarm": 0.46301908334352315,
    "fatigue": 0.6143375358710432,
    "aggression": 0.3056632420952569,
    "dominance": 0.2087256057827898,
    "maturity": -0.781806357608774,
    "sharpness": 0.3126184757013082
  },
  "rawSignals": {
    "dev": -0.0077605357667724206,
    "vel": 0.08402597058282772,
    "vol": 1.0409146586050988,
    "mom": -0.04321815686828103,
    "dd": -0.0276003986075722,
    "mr_z": -0.007455496665953481
  },
  "texture": {
    "flush": -0.46514894976966453,
    "fatigue": -0.7465247845747467,
    "skinAge": -0.781806357608774
  }
}