{
  "ticker": "RB=F",
  "timestamp": "2026-02-26T12:00:00Z",
  "metaAxes": {
    "distress": 0.5302638895405212,
    "vitality": 0.8068599852739342,
    "aggression": 0.08897834477525857
  },
  "activations": {
    "alarm": 0.47560803241977206,
    "fatigue": 0.6576883248391208,
    "aggression": 0.08008051029773271,
    "dominance": 0.17916766600983858,
    "maturity": -0.2913126124515909,
    "sharpness": 0.232720673843326
  },
  "rawSignals": {
    "dev": 0.007044266093574265,
    "vel": 0.31435173289503027,
    "vol": 1.0409146586050988,
    "mom": -0.030445836620471255,
    "dd": -0.03423599201591071,
    "mr_z": 0.006767381009903437
  },
  "texture": {
    "flush": -0.3504507926824662,
    "fatigue": -0.7776999650675961,
    "skinAge": -0.2913126124515909
  }
}