{
  "ticker": "XLE",
  "timestamp": "2026-02-26T12:00:00Z",
  "metaAxes": {
    "distress": 0.09451112918744342,
    "vitality": -0.18317690521685082,
    "aggression": -0.5519208489571763
  },
  "activations": {
    "alarm": 0.04865065054513894,
    "fatigue": -0.1968352916172555,
    "aggression": -0.49672876406145866,
    "dominance": -0.14701955083480545,
    "maturity": -0.781806357608774,
    "sharpness": -0.13658512628787686
  },
  "rawSignals": {
    "dev": 0.03530553334538155,
    "vel": 0.07776716376390105,
    "vol": 1.0409146586050988,
    "mom": 0.08880922926005833,
    "dd": 0,
    "mr_z": 0.033917798210944136
  },
  "texture": {
    "flush": 0.12654171592101215,
    "fatigue": 0.3771045572234057,
    "skinAge": -0.781806357608774
  }
}