{
  "ticker": "^VIX",
  "timestamp": "2026-03-11T14:00:00Z",
  "metaAxes": {
    "distress": 0.6680134394485655,
    "vitality": -0.8765817811994283,
    "aggression": -0.6559487721828319
  },
  "activations": {
    "alarm": 0.9870551800457686,
    "fatigue": -0.6117975467497397,
    "aggression": -0.5903538949645487,
    "dominance": -0.30650611067645206,
    "maturity": -0.9878803970168317,
    "sharpness": 0.2699158219759208
  },
  "rawSignals": {
    "dev": -0.04086867094448774,
    "vel": -0.8366376132619894,
    "vol": 1.0213635655913909,
    "mom": -0.06781700813226432,
    "dd": -0.09764970507698535,
    "mr_z": -0.04001383280284129
  },
  "texture": {
    "flush": -0.9155175702405177,
    "fatigue": 0.7446713385140952,
    "skinAge": -0.9878803970168317
  }
}