{
  "ticker": "SPY",
  "timestamp": "2026-03-11T14:00:00Z",
  "metaAxes": {
    "distress": 0.49461937726718674,
    "vitality": -0.08920853568457254,
    "aggression": -0.7416512868200928
  },
  "activations": {
    "alarm": 0.4685170362447206,
    "fatigue": -0.09950076141213669,
    "aggression": -0.6674861581380835,
    "dominance": -0.1661719645009331,
    "maturity": 0.4218990052500078,
    "sharpness": 0.013492391984960717
  },
  "rawSignals": {
    "dev": -0.07834300791112071,
    "vel": 0.6329455578756432,
    "vol": 1.0213635655913909,
    "mom": 0.07701363465605411,
    "dd": -0.08576630663910537,
    "mr_z": -0.0767043299275694
  },
  "texture": {
    "flush": -0.2713808580849158,
    "fatigue": 0.2504354717418535,
    "skinAge": 0.4218990052500078
  }
}