{
  "ticker": "ALI=F",
  "timestamp": "2026-03-10T15:00:00Z",
  "activations": {
    "tension": 0.3531685835906455,
    "valence": -0.11992580735097735,
    "stature": 0.12198884163420876
  },
  "rawSignals": {
    "dev": -0.002632870870199895,
    "vel": 0.3578165598369644,
    "vol": 1.049270836058176,
    "mom": 0.03050545162872052,
    "dd": -0.04587788254976214,
    "mr_z": -0.002509238587141974
  },
  "texture": {
    "flush": -0.15583637569121309,
    "fatigue": -0.17828396597327,
    "skinAge": 0
  }
}