{
  "ticker": "BRENT",
  "timestamp": "2026-03-10T15:00:00Z",
  "activations": {
    "tension": 0.1499364629656974,
    "valence": 0.7100216708404941,
    "stature": 0.5328210911301559
  },
  "rawSignals": {
    "dev": 0.16421781454009315,
    "vel": 0.007944217956143416,
    "vol": 1.049270836058176,
    "mom": 0.11384367132998824,
    "dd": -0.0015191241231473772,
    "mr_z": 0.15650660334467567
  },
  "texture": {
    "flush": 0.2106569591243804,
    "fatigue": -0.11616488999225526,
    "skinAge": 0
  }
}