{
  "ticker": "CF",
  "timestamp": "2026-03-10T15:00:00Z",
  "activations": {
    "tension": 0.6966121030015944,
    "valence": 0.7691652441015704,
    "stature": 0.7173138552560614
  },
  "rawSignals": {
    "dev": -0.05003292881853213,
    "vel": 0.6179159025588741,
    "vol": 1.049270836058176,
    "mom": 0.07965157201776954,
    "dd": -0.062298483162711464,
    "mr_z": -0.04768352183168664
  },
  "texture": {
    "flush": 0.21925516586011867,
    "fatigue": -0.25038987453597933,
    "skinAge": 0
  }
}