{
  "ticker": "DX=F",
  "timestamp": "2026-03-10T15:00:00Z",
  "activations": {
    "tension": 0.8018958607153179,
    "valence": 0.9346939503280371,
    "stature": 0.8472153192498084
  },
  "rawSignals": {
    "dev": 0.012661193573177201,
    "vel": -0.6533491115090687,
    "vol": 1.049270836058176,
    "mom": 0.046496563317087784,
    "dd": -0.010659233218789452,
    "mr_z": 0.012066659186623207
  },
  "texture": {
    "flush": 0.24169892820511704,
    "fatigue": -0.2667711012449596,
    "skinAge": 0
  }
}