{
  "ticker": "GC=F",
  "timestamp": "2026-03-10T15:00:00Z",
  "activations": {
    "tension": 0.5001394059475783,
    "valence": 0.27764657347767696,
    "stature": -0.20697919976781776
  },
  "rawSignals": {
    "dev": 0.1223857211047786,
    "vel": -0.3548854579104302,
    "vol": 1.049270836058176,
    "mom": -0.029884360961132277,
    "dd": -0.04342126890965561,
    "mr_z": 0.11663882850737407
  },
  "texture": {
    "flush": 0.13173044766626588,
    "fatigue": -0.21216160476222376,
    "skinAge": 0
  }
}