{
  "ticker": "HO=F",
  "timestamp": "2026-03-10T15:00:00Z",
  "activations": {
    "tension": 0.6975829467539345,
    "valence": -0.8955617659689133,
    "stature": 0.1431635208340578
  },
  "rawSignals": {
    "dev": -0.13089713156102264,
    "vel": -0.3512004378492706,
    "vol": 1.049270836058176,
    "mom": -0.062086962356228625,
    "dd": -0.1482748738560237,
    "mr_z": -0.12475056683436227
  },
  "texture": {
    "flush": -0.4258535635740353,
    "fatigue": -0.25056429356126164,
    "skinAge": 0
  }
}