{
  "ticker": "NG=F",
  "timestamp": "2026-03-10T15:00:00Z",
  "activations": {
    "tension": 0.504760111368568,
    "valence": -0.16536430034620953,
    "stature": -0.09736327126008515
  },
  "rawSignals": {
    "dev": 0.026834343943316127,
    "vel": -0.5941745704598668,
    "vol": 1.049270836058176,
    "mom": -0.019699867879658425,
    "dd": -0.0678613923964127,
    "mr_z": 0.025574277890087396
  },
  "texture": {
    "flush": -0.1829925430724089,
    "fatigue": -0.2131394145229153,
    "skinAge": 0
  }
}