{
  "ticker": "RB=F",
  "timestamp": "2026-03-10T15:00:00Z",
  "activations": {
    "tension": 0.7753958552338158,
    "valence": -0.8593395207615133,
    "stature": -0.3950558383206716
  },
  "rawSignals": {
    "dev": -0.09910599192213254,
    "vel": -0.6766847924844611,
    "vol": 1.049270836058176,
    "mom": -0.09834485770070071,
    "dd": -0.13603499140594194,
    "mr_z": -0.09445225056902057
  },
  "texture": {
    "flush": -0.41715255357507575,
    "fatigue": -0.26329578778215995,
    "skinAge": 0
  }
}