{
  "ticker": "SPY",
  "timestamp": "2026-03-10T15:00:00Z",
  "activations": {
    "tension": 0.9104857696390223,
    "valence": -0.9855372089952864,
    "stature": 0.059169667933170134
  },
  "rawSignals": {
    "dev": -0.12235136171568797,
    "vel": -0.5078076602364446,
    "vol": 1.049270836058176,
    "mom": -0.13378338406062262,
    "dd": -0.12942020411162905,
    "mr_z": -0.11660608253949822
  },
  "texture": {
    "flush": -0.44673402021957703,
    "fatigue": -0.2775332308615098,
    "skinAge": 0
  }
}