{
  "ticker": "^TNX",
  "timestamp": "2026-03-10T15:00:00Z",
  "activations": {
    "tension": 0.824394627899294,
    "valence": 0.8429158427339594,
    "stature": 0.7552573253334456
  },
  "rawSignals": {
    "dev": -0.013984098620240814,
    "vel": -0.7672731228376503,
    "vol": 1.049270836058176,
    "mom": 0.053626100258688594,
    "dd": -0.020356499390942084,
    "mr_z": -0.013327444297199047
  },
  "texture": {
    "flush": 0.2295261208901341,
    "fatigue": -0.26942292642916477,
    "skinAge": 0
  }
}