{
  "ticker": "^VIX",
  "timestamp": "2026-03-10T15:00:00Z",
  "activations": {
    "tension": 0.5425615250789371,
    "valence": -0.7974754355959913,
    "stature": -0.1640627470372984
  },
  "rawSignals": {
    "dev": -0.03404232588950791,
    "vel": -0.3507913006307945,
    "vol": 1.049270836058176,
    "mom": -0.060933184927462546,
    "dd": -0.09122748291928248,
    "mr_z": -0.032443793079578606
  },
  "texture": {
    "flush": -0.4018566606492771,
    "fatigue": -0.22097632736812406,
    "skinAge": 0
  }
}