{
  "ticker": "WTI",
  "timestamp": "2026-03-10T15:00:00Z",
  "activations": {
    "tension": -0.024898278741836144,
    "valence": 0.3534894966791451,
    "stature": 0.2088390107317566
  },
  "rawSignals": {
    "dev": 0.10274695324539244,
    "vel": 0.03423918826538287,
    "vol": 1.049270836058176,
    "mom": 0.10013965708908994,
    "dd": -0.00583328390070061,
    "mr_z": 0.09792224248925539
  },
  "texture": {
    "flush": 0.14863745672759127,
    "fatigue": 0.04733756528134134,
    "skinAge": 0
  }
}