{
  "ticker": "XLE",
  "timestamp": "2026-03-10T15:00:00Z",
  "activations": {
    "tension": 0.8610941712963103,
    "valence": 0.7749414216652322,
    "stature": 0.6673900783828659
  },
  "rawSignals": {
    "dev": 0.12027341660810734,
    "vel": -1.0807084291955555,
    "vol": 1.049270836058176,
    "mom": 0.11640990223839369,
    "dd": -0.009554655290543638,
    "mr_z": 0.11462571194672838
  },
  "texture": {
    "flush": 0.22007689304894554,
    "fatigue": -0.2732379414480089,
    "skinAge": 0
  }
}