{
  "ticker": "^TNX",
  "timestamp": "2026-03-11T14:00:00Z",
  "metaAxes": {
    "distress": 0.2954394985939117,
    "vitality": 0.7338693480884166,
    "aggression": -0.2805228714460072
  },
  "activations": {
    "alarm": 0.17282461552313935,
    "fatigue": 0.5159460377340773,
    "aggression": -0.25247058430140645,
    "dominance": 0.09066929532848189,
    "maturity": 0.9910074536781177,
    "sharpness": -0.04502585163531836
  },
  "rawSignals": {
    "dev": -0.013644933424328442,
    "vel": 0.5212020161906784,
    "vol": 1.0213635655913909,
    "mom": 0.007354623256037697,
    "dd": -0.020291935497707737,
    "mr_z": -0.013359526307782225
  },
  "texture": {
    "flush": 0.19035882020823058,
    "fatigue": -0.6722991605027162,
    "skinAge": 0.9910074536781177
  }
}