{
  "ticker": "ALI=F",
  "timestamp": "2026-03-11T14:00:00Z",
  "metaAxes": {
    "distress": 0.21274544615709345,
    "vitality": 0.7966798714732426,
    "aggression": 0.7348710450319464
  },
  "activations": {
    "alarm": 0.22474866680660838,
    "fatigue": 0.6998183837096258,
    "aggression": 0.6613839405287518,
    "dominance": 0.3063101833010378,
    "maturity": -0.781806357608774,
    "sharpness": 0.30209370498604826
  },
  "rawSignals": {
    "dev": 0.0308561709856113,
    "vel": -0.4460358185883315,
    "vol": 1.0213635655913909,
    "mom": 0.09648236830126614,
    "dd": -0.013840897778943796,
    "mr_z": 0.030210761402816373
  },
  "texture": {
    "flush": -0.3039966625622318,
    "fatigue": -0.8072186887330389,
    "skinAge": -0.781806357608774
  }
}