{
  "ticker": "GC=F",
  "timestamp": "2026-03-11T14:00:00Z",
  "metaAxes": {
    "distress": 0.2949477517726893,
    "vitality": -0.47143525951090015,
    "aggression": -0.8495916783355171
  },
  "activations": {
    "alarm": 0.26771906412626567,
    "fatigue": -0.41320127064205425,
    "aggression": -0.7646325105019653,
    "dominance": -0.26420538756928347,
    "maturity": 0.4218990052500078,
    "sharpness": -0.0921527313439583
  },
  "rawSignals": {
    "dev": 0.08572252919985374,
    "vel": -0.3374764354347695,
    "vol": 1.0213635655913909,
    "mom": -0.10251772974249604,
    "dd": -0.07466830718773862,
    "mr_z": 0.0839294959089505
  },
  "texture": {
    "flush": -0.13717455283427396,
    "fatigue": 0.5884329573750218,
    "skinAge": 0.4218990052500078
  }
}