{
  "ticker": "RB=F",
  "timestamp": "2026-03-11T14:00:00Z",
  "metaAxes": {
    "distress": 0.7227184561565536,
    "vitality": -0.15651338811829885,
    "aggression": -0.6184301948492635
  },
  "activations": {
    "alarm": 0.7257027807625643,
    "fatigue": -0.09391613248671567,
    "aggression": -0.5565871753643372,
    "dominance": -0.1549887165935125,
    "maturity": -0.2913126124515909,
    "sharpness": 0.2097360039719716
  },
  "rawSignals": {
    "dev": -0.08586779102174645,
    "vel": 1.1280419133309245,
    "vol": 1.0213635655913909,
    "mom": 0.026071135411377275,
    "dd": -0.1233394442581987,
    "mr_z": -0.08407171933142847
  },
  "texture": {
    "flush": -0.4846706309632281,
    "fatigue": 0.2419045961033963,
    "skinAge": -0.2913126124515909
  }
}