{
  "ticker": "XLE",
  "timestamp": "2026-03-11T14:00:00Z",
  "metaAxes": {
    "distress": 0.37583839075726067,
    "vitality": 0.44261115186572586,
    "aggression": 0.14183749271885637
  },
  "activations": {
    "alarm": 0.36830618096095635,
    "fatigue": 0.3874791888274256,
    "aggression": 0.12765374344697075,
    "dominance": 0.11688972891691646,
    "maturity": -0.781806357608774,
    "sharpness": 0.21584635876204006
  },
  "rawSignals": {
    "dev": 0.12003576389891378,
    "vel": 0.8625378902361596,
    "vol": 1.0213635655913909,
    "mom": 0.027590729620296663,
    "dd": -0.016725712615704796,
    "mr_z": 0.117525010625781
  },
  "texture": {
    "flush": -0.40179838654448774,
    "fatigue": -0.566172836399592,
    "skinAge": -0.781806357608774
  }
}