{
  "ticker": "ALI=F",
  "timestamp": "2026-02-25T11:00:00Z",
  "activations": {
    "tension": 0.6838515774967446,
    "valence": 0.10454616205998346,
    "stature": -0.05010533472865564
  },
  "rawSignals": {
    "dev": 0.008417035121761103,
    "vel": -0.4470170338328563,
    "vol": 1.045462749704358,
    "mom": 0.021232299096372174,
    "dd": -0.0052261691677258195,
    "mr_z": 0.00805101389230876
  },
  "texture": {
    "flush": 0.08083399735723186,
    "fatigue": -0.24808595682687687,
    "skinAge": 0
  }
}