{
  "ticker": "BRENT",
  "timestamp": "2026-02-25T11:00:00Z",
  "activations": {
    "tension": 0.37884952359330515,
    "valence": -0.6913728203243887,
    "stature": 0.7043104665371318
  },
  "rawSignals": {
    "dev": 0.027556091499683077,
    "vel": 0.23539070303387438,
    "vol": 1.045462749704358,
    "mom": 0.08919241020405151,
    "dd": 0,
    "mr_z": 0.026357793720986757
  },
  "texture": {
    "flush": -0.37416974238397305,
    "fatigue": -0.18465226000078488,
    "skinAge": 0
  }
}