{
  "ticker": "CF",
  "timestamp": "2026-02-25T11:00:00Z",
  "activations": {
    "tension": 0.7880050297245433,
    "valence": 0.9158548639815798,
    "stature": 0.7373256349868695
  },
  "rawSignals": {
    "dev": -0.0029149128478861996,
    "vel": 0.23992718639795954,
    "vol": 1.045462749704358,
    "mom": -0.003807948259803781,
    "dd": -0.005084152972530816,
    "mr_z": -0.002788155626501753
  },
  "texture": {
    "flush": 0.2392507659315822,
    "fatigue": -0.2649998389132328,
    "skinAge": 0
  }
}