{
  "ticker": "DX=F",
  "timestamp": "2026-02-25T11:00:00Z",
  "activations": {
    "tension": 0.4991054504238892,
    "valence": 0.19383379072257112,
    "stature": -0.04133676789461638
  },
  "rawSignals": {
    "dev": -0.008702127958256227,
    "vel": 0.23197230298795957,
    "vol": 1.045462749704358,
    "mom": -0.010239681659042257,
    "dd": -0.008702127958256227,
    "mr_z": -0.008323709248098093
  },
  "texture": {
    "flush": 0.11006639777952532,
    "fatigue": -0.2119421867825045,
    "skinAge": 0
  }
}