{
  "ticker": "GC=F",
  "timestamp": "2026-02-25T11:00:00Z",
  "activations": {
    "tension": -0.29289640321607446,
    "valence": -0.9437055195932718,
    "stature": 0.011548272227316803
  },
  "rawSignals": {
    "dev": -0.025280887017379426,
    "vel": 0.10908472302251737,
    "vol": 1.045462749704358,
    "mom": -0.07584551549324428,
    "dd": -0.025280887017379426,
    "mr_z": -0.024181528251033813
  },
  "texture": {
    "flush": -0.4371502804730171,
    "fatigue": 0.16235971264278184,
    "skinAge": 0
  }
}