{
  "ticker": "HO=F",
  "timestamp": "2026-02-25T11:00:00Z",
  "activations": {
    "tension": 0.6395790250298974,
    "valence": 0.9472730109309893,
    "stature": 0.8535729907762191
  },
  "rawSignals": {
    "dev": 0.014957263509166836,
    "vel": 0.13458775606388104,
    "vol": 1.045462749704358,
    "mom": 0.04174838997776729,
    "dd": -0.005336842523852429,
    "mr_z": 0.014306835430909937
  },
  "texture": {
    "flush": 0.24331987831491866,
    "fatigue": -0.23992105420886006,
    "skinAge": 0
  }
}