{
  "ticker": "NG=F",
  "timestamp": "2026-02-25T11:00:00Z",
  "activations": {
    "tension": 0.31344304356415886,
    "valence": -0.011781642392654113,
    "stature": 0.47546978409010854
  },
  "rawSignals": {
    "dev": 0.015272040274528251,
    "vel": 0.07662259132954906,
    "vol": 1.045462749704358,
    "mom": 0.050143288824437145,
    "dd": 0,
    "mr_z": 0.014607923887146592
  },
  "texture": {
    "flush": -0.04884447342855134,
    "fatigue": -0.16795795283574486,
    "skinAge": 0
  }
}