{
  "ticker": "RB=F",
  "timestamp": "2026-02-25T11:00:00Z",
  "activations": {
    "tension": 0.6939196217451034,
    "valence": 0.9784881447003868,
    "stature": 0.9520481740335873
  },
  "rawSignals": {
    "dev": 0.025341650286901683,
    "vel": 0.05859988823014377,
    "vol": 1.045462749704358,
    "mom": 0.08257971007827154,
    "dd": -0.00038898616995388855,
    "mr_z": 0.024239649183165964
  },
  "texture": {
    "flush": 0.2472963991726814,
    "fatigue": -0.24990551405893247,
    "skinAge": 0
  }
}