{
  "ticker": "SPY",
  "timestamp": "2026-02-25T11:00:00Z",
  "activations": {
    "tension": 0.34907849649426836,
    "valence": 0.6525811281966021,
    "stature": 0.1688261661457484
  },
  "rawSignals": {
    "dev": -0.019140589193652316,
    "vel": -0.03337369097069212,
    "vol": 1.045462749704358,
    "mom": -0.07217254470127377,
    "dd": -0.027040721758228345,
    "mr_z": -0.018308245988740396
  },
  "texture": {
    "flush": 0.20195623415058925,
    "fatigue": -0.17724859571935725,
    "skinAge": 0
  }
}