{
  "ticker": "^TNX",
  "timestamp": "2026-02-25T11:00:00Z",
  "activations": {
    "tension": 0.3952052857401289,
    "valence": 0.6201194365932918,
    "stature": 0.2794997840255622
  },
  "rawSignals": {
    "dev": -0.013049616783512085,
    "vel": -0.12846736811200987,
    "vol": 1.045462749704358,
    "mom": -0.027784730533461886,
    "dd": -0.013049616783512085,
    "mr_z": -0.012482144186583721
  },
  "texture": {
    "flush": 0.19686915651538903,
    "fatigue": -0.18859606495526782,
    "skinAge": 0
  }
}