{
  "ticker": "^VIX",
  "timestamp": "2026-02-25T11:00:00Z",
  "activations": {
    "tension": 0.9874025886166944,
    "valence": 0.5440616538300584,
    "stature": 0.33656040171634927
  },
  "rawSignals": {
    "dev": 0.0019350439178634105,
    "vel": 1.4419145015370454,
    "vol": 1.045462749704358,
    "mom": 0.021441085593009238,
    "dd": 0,
    "mr_z": 0.0018508970486137487
  },
  "texture": {
    "flush": 0.18440133775105497,
    "fatigue": -0.28273317645306706,
    "skinAge": 0
  }
}