{
  "ticker": "WTI",
  "timestamp": "2026-02-25T11:00:00Z",
  "activations": {
    "tension": 0.34602549681186456,
    "valence": -0.6915057590117624,
    "stature": 0.03158920744282656
  },
  "rawSignals": {
    "dev": 0.009996247231601174,
    "vel": 0.6769953497915524,
    "vol": 1.045462749704358,
    "mom": 0.015659812370232572,
    "dd": -0.01847011816252521,
    "mr_z": 0.009561552752049722
  },
  "texture": {
    "flush": -0.3742057137456374,
    "fatigue": -0.17647179580054093,
    "skinAge": 0
  }
}