{
  "ticker": "XLE",
  "timestamp": "2026-02-25T11:00:00Z",
  "activations": {
    "tension": -0.013180442194425157,
    "valence": -0.7916163566794188,
    "stature": 0.20257225172123117
  },
  "rawSignals": {
    "dev": 0.0027148590365669635,
    "vel": 0.12854322065873394,
    "vol": 1.045462749704358,
    "mom": 0.010371326398217466,
    "dd": -0.007369368416293513,
    "mr_z": 0.0025968013086403
  },
  "texture": {
    "flush": -0.40037771195157995,
    "fatigue": 0.03444183208684265,
    "skinAge": 0
  }
}